pace,ftr,efg_pct,tov_pct,orb_pct,location,date,opponent,prediction,actual,win_prob,correct
103.0,0.202,0.601,0.16399999999999998,0.293,home,2016-10-26,BRK,True,True,0.7659837919725269,True
95.1,0.195,0.552,0.113,0.22699999999999998,home,2016-11-02,CHI,True,True,0.6983997566599305,True
101.3,0.233,0.5,0.10800000000000001,0.22399999999999998,home,2016-11-06,DEN,True,False,0.6808463118890513,False
101.9,0.478,0.45,0.128,0.345,home,2016-11-11,NYK,True,True,0.6968197303725894,True
89.7,0.303,0.48,0.18100000000000002,0.325,home,2016-11-16,DAL,True,True,0.6511680696656984,True
95.7,0.229,0.44,0.125,0.146,home,2016-11-18,GSW,True,False,0.5920511719083558,False
93.8,0.099,0.527,0.095,0.2,home,2016-11-25,SAS,True,False,0.6570280779095996,False
93.3,0.22,0.522,0.057,0.188,home,2016-11-30,DET,True,False,0.6680528260450804,False
95.5,0.17,0.472,0.13699999999999998,0.22899999999999998,home,2016-12-02,SAC,True,True,0.6282997521839586,True
95.9,0.265,0.476,0.131,0.16,home,2016-12-09,TOR,True,False,0.6324493680305241,False
96.4,0.333,0.494,0.127,0.11900000000000001,home,2016-12-16,CHO,True,True,0.6508486611414389,True
100.2,0.28,0.489,0.111,0.22699999999999998,home,2016-12-23,OKC,True,False,0.6749896318058635,False
94.6,0.247,0.553,0.16,0.368,home,2016-12-27,MEM,True,True,0.7272490805450105,True
94.1,0.392,0.628,0.139,0.14300000000000002,home,2016-12-30,MIA,True,True,0.7584750667894974,True
90.6,0.23,0.669,0.147,0.129,home,2017-01-03,UTA,True,True,0.7563173265701362,True
100.2,0.287,0.511,0.155,0.245,home,2017-01-06,PHI,True,True,0.6940838694932128,True
94.7,0.226,0.527,0.08900000000000001,0.313,home,2017-01-07,NOP,True,True,0.699611334283173,True
96.0,0.212,0.606,0.131,0.263,home,2017-01-11,WAS,True,True,0.7487630693448297,True
91.8,0.119,0.589,0.12,0.2,home,2017-01-16,CHO,True,True,0.7019866794289745,True
94.0,0.319,0.434,0.027999999999999997,0.188,home,2017-01-18,NYK,True,False,0.6107042119775821,False
98.1,0.337,0.527,0.166,0.33299999999999996,home,2017-01-21,POR,True,False,0.7222137957926837,False
101.3,0.176,0.577,0.155,0.33299999999999996,home,2017-01-25,HOU,True,True,0.7492750522489267,True
97.9,0.169,0.652,0.095,0.184,home,2017-01-27,ORL,True,True,0.7695127925977738,True
100.2,0.402,0.518,0.094,0.133,home,2017-01-30,DET,True,True,0.6971252604689849,True
94.7,0.345,0.483,0.091,0.267,home,2017-02-01,TOR,True,True,0.6705746489264043,True
100.8,0.341,0.555,0.145,0.159,home,2017-02-03,LAL,True,True,0.7212173671326912,True
97.6,0.227,0.511,0.102,0.191,home,2017-02-05,LAC,True,True,0.6710893758335579,True
110.0,0.45,0.556,0.2,0.146,home,2017-02-15,PHI,True,True,0.7548890365224226,True
103.3,0.287,0.448,0.155,0.17600000000000002,home,2017-02-27,ATL,True,False,0.6378372406931229,False
93.3,0.295,0.545,0.12,0.21600000000000003,home,2017-03-01,CLE,True,True,0.6975870417040226,True
94.9,0.047,0.558,0.193,0.3,home,2017-03-12,CHI,True,True,0.6919295629411932,True
90.5,0.266,0.627,0.102,0.156,home,2017-03-15,MIN,True,True,0.7379571633031439,True
101.0,0.301,0.484,0.125,0.38,home,2017-03-20,WAS,True,True,0.7050178467985523,True
91.9,0.167,0.577,0.159,0.27,home,2017-03-22,IND,True,True,0.7096044252153112,True
109.3,0.372,0.543,0.121,0.235,home,2017-03-24,PHO,True,True,0.7550281943989576,True
96.5,0.325,0.584,0.17800000000000002,0.25,home,2017-03-26,MIA,True,True,0.7424056552995558,True
93.0,0.261,0.466,0.14,0.349,home,2017-03-29,MIL,True,False,0.6524298165165712,False
103.2,0.405,0.524,0.1,0.11900000000000001,home,2017-03-31,ORL,True,True,0.708260336832035,True
95.0,0.358,0.451,0.122,0.174,home,2017-04-05,CLE,True,False,0.6244443657219388,False
103.4,0.231,0.527,0.12300000000000001,0.184,home,2017-04-10,BRK,True,True,0.6998759978454071,True
96.9,0.286,0.516,0.07200000000000001,0.244,home,2017-04-12,MIL,True,True,0.6933246451241292,True
99.4,0.231,0.489,0.13,0.22,home,2017-10-18,MIL,True,False,0.6629977632917857,False
95.5,0.36,0.587,0.139,0.135,home,2017-10-24,NYK,True,True,0.7280209507484375,True
92.7,0.182,0.54,0.136,0.349,home,2017-10-30,SAS,True,True,0.7016955371618141,True
89.9,0.232,0.591,0.166,0.457,home,2017-11-01,SAC,True,True,0.7547741252019988,True
102.4,0.316,0.423,0.111,0.308,home,2017-11-08,LAL,True,True,0.648333831775945,True
97.9,0.298,0.411,0.12,0.184,home,2017-11-10,CHO,True,True,0.592507196401906,True
89.9,0.218,0.46,0.136,0.33299999999999996,home,2017-11-12,TOR,True,True,0.6277625230783979,True
99.1,0.481,0.373,0.135,0.149,home,2017-11-16,GSW,True,True,0.5803814800986874,True
95.8,0.275,0.555,0.081,0.271,home,2017-11-24,ORL,True,True,0.7232171954549224,True
95.1,0.273,0.623,0.165,0.135,home,2017-11-27,DET,True,False,0.7411341868592646,False
95.0,0.253,0.582,0.162,0.18899999999999997,home,2017-11-30,PHI,True,True,0.7180924250950359,True
94.9,0.288,0.613,0.091,0.114,home,2017-12-02,PHO,True,True,0.7361334677613283,True
92.8,0.244,0.615,0.14800000000000002,0.242,home,2017-12-04,MIL,True,True,0.7453147449865861,True
96.3,0.195,0.483,0.113,0.188,home,2017-12-06,DAL,True,True,0.6372750624648378,True
97.2,0.304,0.665,0.135,0.125,home,2017-12-13,DEN,True,True,0.7789043466097294,True
97.8,0.221,0.459,0.087,0.042,home,2017-12-15,UTA,True,False,0.5955876776393286,False
93.2,0.263,0.456,0.10099999999999999,0.111,home,2017-12-20,MIA,True,False,0.596906793936948,False
97.7,0.228,0.543,0.055999999999999994,0.17,home,2017-12-23,CHI,True,True,0.6965540660600822,True
97.3,0.21,0.568,0.161,0.195,home,2017-12-25,WAS,True,False,0.7100850112149493,False
99.2,0.293,0.5,0.155,0.217,home,2017-12-28,HOU,True,True,0.6773679441466771,True
99.5,0.316,0.582,0.159,0.19,home,2017-12-31,BRK,True,True,0.7390301153041394,True
101.3,0.12,0.511,0.142,0.188,home,2018-01-03,CLE,True,True,0.6650729202605193,True
89.9,0.138,0.436,0.099,0.33299999999999996,home,2018-01-05,MIN,True,True,0.5978039128663997,True
100.9,0.158,0.49,0.15,0.222,home,2018-01-16,NOP,True,False,0.6576998612883597,False
95.7,0.23,0.453,0.18899999999999997,0.083,home,2018-01-18,PHI,True,False,0.584970168115618,False
92.9,0.165,0.482,0.141,0.262,home,2018-01-21,ORL,True,False,0.6341587647276079,False
97.0,0.241,0.548,0.098,0.125,home,2018-01-31,NYK,True,True,0.6883724675378377,True
100.1,0.225,0.567,0.10099999999999999,0.179,home,2018-02-02,ATL,True,True,0.7205630102776647,True
92.7,0.2,0.5,0.106,0.2,home,2018-02-04,POR,True,True,0.6435767792010636,True
91.9,0.225,0.421,0.09300000000000001,0.231,home,2018-02-09,IND,True,False,0.5821169273895443,False
97.4,0.247,0.461,0.132,0.265,home,2018-02-11,CLE,True,False,0.6440141561230399,False
101.0,0.216,0.51,0.07,0.23399999999999999,home,2018-02-14,LAC,True,False,0.6903983907368787,False
94.7,0.314,0.523,0.076,0.205,home,2018-02-26,MEM,True,True,0.6878367490071954,True
98.3,0.172,0.69,0.105,0.14300000000000002,home,2018-02-28,CHO,True,True,0.7883056986879304,True
94.8,0.259,0.494,0.151,0.233,home,2018-03-11,IND,True,False,0.6570680343985961,False
94.0,0.232,0.545,0.135,0.204,home,2018-03-14,WAS,True,False,0.6882163644214475,False
100.2,0.184,0.489,0.168,0.23399999999999999,home,2018-03-20,OKC,True,True,0.6592462429122279,True
94.8,0.307,0.494,0.057,0.17800000000000002,home,2018-03-31,TOR,True,True,0.659353370210796,True
100.4,0.21,0.642,0.16899999999999998,0.15,home,2018-04-06,CHI,True,True,0.7639074443904211,True
95.0,0.244,0.567,0.11699999999999999,0.23800000000000002,home,2018-04-08,ATL,True,False,0.7176609940963308,False
101.0,0.147,0.48,0.114,0.37,home,2018-04-11,BRK,True,True,0.6807153173975432,True
104.8,0.144,0.49,0.127,0.226,home,2018-10-16,PHI,True,True,0.6709863783100107,True
96.4,0.099,0.456,0.11199999999999999,0.18,home,2018-10-22,ORL,True,False,0.5983463887021442,False
102.9,0.381,0.494,0.125,0.17,home,2018-10-30,DET,True,True,0.688673515594274,True
101.3,0.141,0.576,0.11699999999999999,0.17800000000000002,home,2018-11-01,MIL,True,True,0.7193163304889071,True
101.5,0.156,0.55,0.127,0.16699999999999998,home,2018-11-14,CHI,True,True,0.6990016699766782,True
97.7,0.27,0.579,0.153,0.22,home,2018-11-16,TOR,True,True,0.7319883222887058,True
95.4,0.22,0.412,0.12300000000000001,0.304,home,2018-11-17,UTA,True,False,0.5992619516981372,False
101.8,0.33,0.443,0.067,0.273,home,2018-11-21,NYK,True,False,0.6612697355889341,False
94.0,0.174,0.625,0.092,0.308,home,2018-11-30,CLE,True,True,0.7621723751319439,True
100.7,0.217,0.603,0.08199999999999999,0.175,home,2018-12-06,NYK,True,True,0.7480862362679596,True
99.2,0.211,0.556,0.132,0.298,home,2018-12-10,NOP,True,True,0.7276223369900345,True
107.0,0.211,0.584,0.175,0.317,home,2018-12-14,ATL,True,True,0.7692766185746495,True
96.4,0.165,0.535,0.149,0.205,home,2018-12-19,PHO,True,False,0.6780607138779433,False
100.2,0.396,0.44,0.045,0.17,home,2018-12-21,MIL,True,False,0.6429196087494131,False
97.9,0.291,0.576,0.126,0.282,home,2018-12-23,CHO,True,True,0.7454681909828647,True
100.9,0.185,0.481,0.07200000000000001,0.217,home,2018-12-25,PHI,True,True,0.6585894031783969,True
96.0,0.197,0.671,0.162,0.10300000000000001,home,2019-01-02,MIN,True,True,0.7631662341035935,True
97.4,0.115,0.547,0.114,0.26899999999999996,home,2019-01-04,DAL,True,True,0.6992483511924139,True
104.0,0.129,0.57,0.125,0.136,home,2019-01-07,BRK,True,True,0.7129624298787154,True
101.8,0.273,0.648,0.124,0.25,home,2019-01-09,IND,True,True,0.795982685711612,True
96.8,0.141,0.576,0.133,0.33299999999999996,home,2019-01-16,TOR,True,True,0.7332757789692265,True
100.0,0.256,0.61,0.151,0.25,home,2019-01-18,MEM,True,True,0.7638135093720991,True
99.3,0.115,0.563,0.172,0.222,home,2019-01-21,MIA,True,True,0.704612039470824,True
99.4,0.267,0.593,0.127,0.237,home,2019-01-23,CLE,True,True,0.7510337730866106,True
101.1,0.152,0.49,0.11699999999999999,0.263,home,2019-01-26,GSW,True,False,0.6683086112954597,False
103.9,0.1,0.515,0.147,0.33299999999999996,home,2019-01-28,BRK,True,True,0.7020512438382313,True
95.1,0.178,0.622,0.11,0.33299999999999996,home,2019-01-30,CHO,True,True,0.7665110844673845,True
105.2,0.187,0.665,0.124,0.139,home,2019-02-03,OKC,True,True,0.7893637936895116,True
99.3,0.213,0.574,0.07200000000000001,0.25,home,2019-02-07,LAL,True,False,0.7366609478454547,False
109.0,0.337,0.473,0.102,0.157,home,2019-02-09,LAC,True,False,0.6842323786117325,False
98.2,0.17,0.602,0.145,0.244,home,2019-02-13,DET,True,True,0.7430056206868932,True
96.1,0.116,0.494,0.158,0.18600000000000003,home,2019-02-27,POR,True,False,0.631115040356135,False
101.1,0.181,0.5,0.106,0.20800000000000002,home,2019-03-01,WAS,True,True,0.6702157957996828,True
93.4,0.377,0.532,0.127,0.2,home,2019-03-03,HOU,True,False,0.6946034412574614,False
108.0,0.268,0.552,0.107,0.204,home,2019-03-14,SAC,True,True,0.7414188266704087,True
106.6,0.398,0.543,0.114,0.262,home,2019-03-16,ATL,True,True,0.7556473121687917,True
100.8,0.204,0.484,0.114,0.231,home,2019-03-18,DEN,True,False,0.6631240118280011,False
96.1,0.17,0.441,0.073,0.21600000000000003,home,2019-03-24,SAS,True,False,0.6051537681484228,False
97.2,0.198,0.587,0.13,0.20600000000000002,home,2019-03-29,IND,True,True,0.7267803391750265,True
98.9,0.264,0.489,0.113,0.264,home,2019-04-01,MIA,True,True,0.6759379046528422,True
101.4,0.157,0.539,0.128,0.15,home,2019-04-07,ORL,True,False,0.6867004126385919,False
101.7,0.147,0.445,0.079,0.33899999999999997,home,2019-10-25,TOR,True,True,0.6501401491239723,True
102.9,0.228,0.538,0.09,0.111,home,2019-10-30,MIL,True,True,0.6949033595577461,True
96.9,0.392,0.52,0.139,0.079,home,2019-11-01,NYK,True,True,0.6732413884424857,True
93.6,0.291,0.564,0.085,0.233,home,2019-11-11,DAL,True,True,0.7182658724644351,True
105.8,0.302,0.594,0.099,0.27,home,2019-11-13,WAS,True,True,0.7793418117879176,True
91.9,0.271,0.488,0.11199999999999999,0.282,home,2019-11-25,SAC,True,True,0.6570791523004434,True
99.4,0.247,0.51,0.115,0.413,home,2019-11-27,BRK,True,True,0.7202475686915359,True
93.0,0.405,0.544,0.106,0.23800000000000002,home,2019-12-04,MIA,True,True,0.7149143627106074,True
97.3,0.098,0.616,0.158,0.121,home,2019-12-06,DEN,True,True,0.7192488515270566,True
95.0,0.103,0.673,0.18100000000000002,0.156,home,2019-12-09,CLE,True,True,0.7591000639626464,True
92.9,0.187,0.522,0.057,0.196,home,2019-12-12,PHI,True,False,0.6639040180988701,False
102.4,0.244,0.576,0.174,0.342,home,2019-12-20,DET,True,True,0.7595845591244209,True
94.8,0.182,0.602,0.12,0.28600000000000003,home,2019-12-22,CHO,True,True,0.7438084805478947,True
100.3,0.2,0.589,0.096,0.273,home,2019-12-27,CLE,True,True,0.7511013942287971,True
98.0,0.462,0.442,0.138,0.156,home,2019-12-28,TOR,True,False,0.6365050898281965,False
104.7,0.312,0.473,0.109,0.25,home,2020-01-03,ATL,True,True,0.6851889943235113,True
105.4,0.337,0.489,0.128,0.163,home,2020-01-08,SAS,True,False,0.6851456709734189,False
106.1,0.18,0.62,0.092,0.263,home,2020-01-11,NOP,True,True,0.7833157803967605,True
96.1,0.349,0.524,0.111,0.244,home,2020-01-13,CHI,True,True,0.7025514234577424,True
94.2,0.241,0.548,0.14,0.295,home,2020-01-15,DET,True,False,0.7094338124285328,False
107.8,0.229,0.516,0.094,0.087,home,2020-01-18,PHO,True,False,0.6877782666060992,False
101.0,0.312,0.645,0.102,0.368,home,2020-01-20,LAL,True,True,0.8141114698274373,True
100.9,0.225,0.584,0.10099999999999999,0.205,home,2020-01-22,MEM,True,True,0.7400439960927454,True
102.7,0.25,0.563,0.191,0.341,home,2020-01-30,GSW,True,True,0.7508749756319365,True
96.2,0.513,0.525,0.10099999999999999,0.209,home,2020-02-01,PHI,True,True,0.7182908374459619,True
96.4,0.186,0.61,0.12300000000000001,0.16699999999999998,home,2020-02-05,ORL,True,True,0.7334511418465951,True
96.9,0.314,0.523,0.11699999999999999,0.244,home,2020-02-07,ATL,True,True,0.6993294991124619,True
103.1,0.388,0.524,0.111,0.146,home,2020-02-13,LAC,True,True,0.7101464170920477,True
97.1,0.25,0.455,0.11199999999999999,0.255,home,2020-02-29,HOU,True,False,0.6376840664117588,False
100.5,0.223,0.5,0.11699999999999999,0.24100000000000002,home,2020-03-03,BRK,True,False,0.679704842793302,False
94.7,0.191,0.426,0.113,0.289,home,2020-03-06,UTA,True,False,0.6026518377755921,False
102.3,0.207,0.484,0.115,0.239,home,2020-03-08,OKC,True,False,0.6699391125376886,False
97.4,0.442,0.662,0.132,0.188,home,2020-08-02,POR,True,True,0.801135673324486,True
110.7,0.398,0.682,0.11900000000000001,0.182,home,2020-08-05,BRK,True,True,0.8367508535336389,True
100.2,0.235,0.5,0.10400000000000001,0.245,home,2020-08-09,ORL,True,True,0.6820654234974637,True
97.6,0.159,0.443,0.168,0.255,home,2020-08-13,WAS,True,False,0.6115486915653162,False
100.4,0.109,0.564,0.062,0.196,home,2020-12-23,MIL,True,True,0.7105580577558699,True
95.7,0.194,0.418,0.124,0.37,home,2020-12-25,BRK,True,False,0.6161285488087097,False
104.8,0.154,0.626,0.141,0.23800000000000002,home,2020-12-30,MEM,True,True,0.7744849470460988,True
105.0,0.349,0.547,0.175,0.262,home,2021-01-08,WAS,True,True,0.7447146121522048,True
99.1,0.216,0.608,0.102,0.162,home,2021-01-15,ORL,True,True,0.7435977583308048,True
96.0,0.345,0.339,0.157,0.24600000000000002,home,2021-01-17,NYK,True,False,0.5374711769863889,False
104.1,0.29,0.634,0.132,0.361,home,2021-01-24,CLE,True,True,0.8102057629299736,True
92.1,0.171,0.524,0.145,0.22,home,2021-01-30,LAL,True,False,0.6591785949536256,False
99.9,0.326,0.57,0.162,0.326,home,2021-02-11,TOR,True,True,0.7559916303374834,True
96.8,0.366,0.488,0.095,0.156,home,2021-02-12,DET,True,False,0.6616176838256677,False
97.0,0.259,0.574,0.196,0.27,home,2021-02-16,DEN,True,True,0.7311504763784316,True
97.7,0.314,0.523,0.14,0.275,home,2021-02-17,ATL,True,False,0.7060797702390136,False
100.3,0.111,0.633,0.16,0.243,home,2021-02-19,ATL,True,True,0.7625030409249139,True
98.7,0.354,0.567,0.11199999999999999,0.179,home,2021-02-26,IND,True,True,0.7314091633455871,True
101.8,0.27,0.528,0.16,0.31,home,2021-02-28,WAS,True,True,0.7217990726145211,True
87.4,0.267,0.581,0.086,0.359,home,2021-03-02,LAC,True,True,0.7327906286755482,True
98.9,0.541,0.696,0.149,0.31,home,2021-03-04,TOR,True,True,0.8466121272634372,True
94.6,0.041,0.541,0.12300000000000001,0.364,home,2021-03-16,UTA,True,False,0.69400304854144,False
94.5,0.077,0.495,0.145,0.261,home,2021-03-19,SAC,True,False,0.6378943482199051,False
92.2,0.102,0.585,0.098,0.16699999999999998,home,2021-03-21,ORL,True,True,0.6930670561858084,True
101.0,0.204,0.505,0.121,0.235,home,2021-03-29,NOP,True,False,0.681366042071763,False
102.0,0.245,0.473,0.08,0.17,home,2021-03-31,DAL,True,False,0.6534504212420297,False
97.7,0.136,0.619,0.139,0.268,home,2021-04-02,HOU,True,True,0.7541881733422934,True
90.6,0.117,0.569,0.057,0.298,home,2021-04-04,CHO,True,True,0.7054237585844928,True
93.6,0.257,0.571,0.22,0.094,home,2021-04-06,PHI,True,False,0.6835731130776526,False
97.5,0.233,0.506,0.174,0.32,home,2021-04-07,NYK,True,True,0.6879027089568195,True
101.3,0.391,0.649,0.171,0.243,home,2021-04-09,MIN,True,True,0.8034217995051876,True
96.1,0.213,0.548,0.081,0.304,home,2021-04-17,GSW,True,True,0.7172683529869681,True
95.7,0.195,0.532,0.161,0.08800000000000001,home,2021-04-19,CHI,True,False,0.6527638031292841,False
97.1,0.312,0.506,0.20800000000000002,0.263,home,2021-04-22,PHO,True,True,0.683412032870415,True
111.3,0.258,0.479,0.115,0.163,home,2021-04-27,OKC,True,False,0.6861842584766856,False
94.5,0.239,0.56,0.121,0.46299999999999997,home,2021-04-28,CHO,True,True,0.7502489728952776,True
100.7,0.343,0.552,0.09699999999999999,0.327,home,2021-04-30,SAS,True,True,0.7517312928966472,True
101.7,0.169,0.596,0.158,0.233,home,2021-05-02,POR,True,False,0.745611604977021,False
99.4,0.301,0.627,0.13,0.158,home,2021-05-09,MIA,True,False,0.7647864613103988,False
100.1,0.193,0.625,0.10300000000000001,0.075,home,2021-05-11,MIA,True,False,0.740653526921084,False
98.1,0.134,0.457,0.22399999999999998,0.204,home,2021-10-22,TOR,True,False,0.6066731789757307,False
98.5,0.329,0.494,0.11800000000000001,0.217,home,2021-10-27,WAS,True,False,0.6776906904728617,False
99.4,0.208,0.516,0.079,0.245,home,2021-11-01,CHI,True,False,0.6906724164991564,False
98.0,0.16,0.5,0.13,0.255,home,2021-11-10,TOR,True,True,0.665084399286631,True
91.4,0.188,0.552,0.141,0.37200000000000005,home,2021-11-12,MIL,True,True,0.71182487090435,True
100.3,0.432,0.563,0.11800000000000001,0.316,home,2021-11-19,LAL,True,True,0.7650288214517346,True
93.9,0.159,0.563,0.069,0.17,home,2021-11-20,OKC,True,True,0.6908322432923227,True
102.6,0.207,0.489,0.13,0.22399999999999998,home,2021-11-22,HOU,True,True,0.6709273999570279,True
96.2,0.308,0.434,0.096,0.273,home,2021-11-24,BRK,True,False,0.6296320425516865,False
93.3,0.19,0.487,0.132,0.095,home,2021-12-01,PHI,True,True,0.6084394394865278,True
96.5,0.151,0.616,0.124,0.171,home,2021-12-13,MIL,True,True,0.7346024747258129,True
97.7,0.354,0.53,0.14400000000000002,0.25,home,2021-12-17,GSW,True,False,0.7115420978796418,False
96.1,0.191,0.567,0.11900000000000001,0.261,home,2021-12-18,NYK,True,True,0.7184802332130366,True
98.5,0.305,0.506,0.162,0.256,home,2021-12-20,PHI,True,False,0.6887866194352712,False
99.8,0.196,0.527,0.115,0.24,home,2021-12-22,CLE,True,True,0.6956168390145411,True
90.4,0.109,0.366,0.07,0.344,home,2021-12-29,LAC,True,False,0.5358564660771261,False
97.4,0.313,0.602,0.16,0.371,home,2021-12-31,PHO,True,True,0.7769170808523056,True
98.8,0.326,0.529,0.183,0.205,home,2022-01-02,ORL,True,True,0.6993681128055746,True
91.3,0.1,0.494,0.096,0.265,home,2022-01-05,SAS,True,False,0.6340506988650829,False
85.6,0.224,0.553,0.126,0.237,home,2022-01-08,NYK,True,True,0.6742215135655006,True
96.9,0.318,0.443,0.166,0.245,home,2022-01-10,IND,True,True,0.6299542479029042,True
89.8,0.211,0.539,0.10099999999999999,0.405,home,2022-01-15,CHI,True,True,0.7087970971292762,True
96.8,0.25,0.538,0.136,0.132,home,2022-01-17,NOP,True,True,0.6795092717688804,True
97.8,0.144,0.511,0.128,0.182,home,2022-01-19,CHO,True,False,0.6567183605263986,False
94.0,0.28,0.518,0.115,0.18600000000000003,home,2022-01-21,POR,True,False,0.6704527114190509,False
96.7,0.068,0.592,0.094,0.36200000000000004,home,2022-01-25,SAC,True,True,0.7435512744407531,True
95.9,0.321,0.619,0.094,0.243,home,2022-01-31,MIA,True,True,0.7684510186758557,True
99.9,0.207,0.598,0.175,0.158,home,2022-02-02,CHO,True,True,0.7321991975091813,True
102.6,0.313,0.448,0.099,0.31,home,2022-02-11,DEN,True,True,0.6708683297680722,True
96.9,0.318,0.488,0.11,0.245,home,2022-02-13,ATL,True,True,0.6723497965400929,True
96.5,0.234,0.63,0.16699999999999998,0.065,home,2022-02-16,DET,True,False,0.7330823895621958,False
94.5,0.229,0.536,0.133,0.256,home,2022-03-01,ATL,True,True,0.692451463971782,True
92.1,0.169,0.607,0.128,0.35700000000000004,home,2022-03-03,MEM,True,True,0.7501247547555905,True
98.0,0.458,0.584,0.091,0.233,home,2022-03-06,BRK,True,True,0.7639790064734245,True
94.9,0.333,0.5,0.08,0.295,home,2022-03-11,DET,True,True,0.6897850716411905,True
94.2,0.216,0.426,0.102,0.22399999999999998,home,2022-03-13,DAL,True,False,0.5911926168053546,False
90.9,0.083,0.708,0.13,0.25,home,2022-03-23,UTA,True,True,0.7873657299662874,True
97.8,0.241,0.661,0.11900000000000001,0.278,home,2022-03-27,MIN,True,True,0.7956480730443712,True
102.8,0.271,0.476,0.159,0.174,home,2022-03-30,MIA,True,False,0.6571353433077218,False
96.9,0.337,0.614,0.14400000000000002,0.33299999999999996,home,2022-04-01,IND,True,True,0.7808590325452678,True
94.8,0.143,0.742,0.076,0.21899999999999997,home,2022-04-03,WAS,True,True,0.8204392579847949,True
98.7,0.341,0.634,0.10400000000000001,0.182,home,2022-10-18,PHI,True,True,0.777278282587236,True
97.0,0.39,0.591,0.165,0.132,home,2022-10-28,CLE,True,False,0.7366082692034658,False
97.1,0.253,0.589,0.138,0.1,home,2022-10-30,WAS,True,True,0.7147782789139078,True
105.0,0.47,0.548,0.12300000000000001,0.175,home,2022-11-04,CHI,True,True,0.7476258573068494,True
99.6,0.239,0.636,0.11800000000000001,0.195,home,2022-11-09,DET,True,True,0.7712838213816479,True
93.5,0.222,0.644,0.066,0.27,home,2022-11-11,DEN,True,True,0.7741019350278384,True
112.8,0.302,0.531,0.114,0.196,home,2022-11-14,OKC,True,True,0.7419117962001603,True
98.2,0.25,0.637,0.114,0.16699999999999998,home,2022-11-23,DAL,True,True,0.7652022933330831,True
100.6,0.325,0.59,0.095,0.105,home,2022-11-25,SAC,True,True,0.7380955163454144,True
92.4,0.325,0.65,0.133,0.303,home,2022-11-27,WAS,True,True,0.7872974187889793,True
99.2,0.075,0.72,0.14300000000000002,0.273,home,2022-11-28,CHO,True,True,0.8156068076754146,True
97.7,0.277,0.687,0.162,0.324,home,2022-11-30,MIA,True,True,0.8182822297664235,True
100.9,0.322,0.546,0.168,0.156,home,2022-12-02,MIA,True,False,0.71021056023916,False
101.3,0.405,0.482,0.124,0.20800000000000002,home,2022-12-16,ORL,True,False,0.6846554053121697,False
100.3,0.236,0.416,0.14800000000000002,0.21600000000000003,home,2022-12-18,ORL,True,False,0.6011336639298419,False
101.2,0.248,0.45,0.132,0.41700000000000004,home,2022-12-21,IND,True,False,0.6783363478227167,False
100.8,0.26,0.505,0.09699999999999999,0.37,home,2022-12-23,MIN,True,True,0.7154707634393841,True
101.1,0.294,0.7,0.111,0.139,home,2022-12-25,MIL,True,True,0.8117903529549761,True
100.8,0.253,0.582,0.098,0.2,home,2022-12-27,HOU,True,True,0.7409186384129876,True
99.1,0.242,0.544,0.106,0.25,home,2022-12-29,LAC,True,True,0.7150403078041271,True
93.5,0.241,0.5,0.086,0.2,home,2023-01-09,CHI,True,True,0.6534328030929448,True
97.4,0.275,0.566,0.081,0.275,home,2023-01-11,NOP,True,True,0.7366458027505531,True
104.4,0.278,0.458,0.12300000000000001,0.316,home,2023-01-19,GSW,True,True,0.6796159966471439,True
94.6,0.23,0.49,0.106,0.273,home,2023-01-26,NYK,True,False,0.6606022795827107,False
97.4,0.464,0.542,0.106,0.163,home,2023-01-28,LAL,True,True,0.719848829202814,True
96.3,0.109,0.717,0.111,0.289,home,2023-02-01,BRK,True,True,0.8144478401087393,True
98.6,0.413,0.453,0.145,0.065,home,2023-02-03,PHO,True,False,0.6213079332031876,False
89.5,0.132,0.651,0.157,0.147,home,2023-02-08,PHI,True,True,0.7315717749190689,True
104.9,0.191,0.635,0.135,0.122,home,2023-02-10,CHO,True,True,0.7663508257001732,True
94.8,0.295,0.563,0.1,0.326,home,2023-02-12,MEM,True,True,0.737268227110387,True
97.5,0.109,0.647,0.102,0.21600000000000003,home,2023-02-15,DET,True,True,0.7633812526616647,True
95.2,0.359,0.603,0.126,0.2,home,2023-03-01,CLE,True,True,0.7508132279517991,True
102.5,0.238,0.542,0.17,0.209,home,2023-03-03,BRK,True,False,0.7112001326915897,False
95.6,0.229,0.491,0.11800000000000001,0.28300000000000003,home,2023-03-05,NYK,True,False,0.6657101424912633,False
101.6,0.227,0.58,0.102,0.109,home,2023-03-08,POR,True,True,0.7221015969821695,True
104.5,0.204,0.57,0.129,0.191,home,2023-03-24,IND,True,True,0.7333252835847761,True
108.3,0.231,0.67,0.13,0.205,home,2023-03-26,SAS,True,True,0.8130487041173328,True
104.6,0.229,0.526,0.102,0.204,home,2023-03-31,UTA,True,True,0.7077315363214425,True
96.4,0.202,0.489,0.134,0.22899999999999998,home,2023-04-05,TOR,True,True,0.6507037803461475,True
95.6,0.259,0.648,0.18899999999999997,0.361,home,2023-04-07,TOR,True,True,0.7928268606034998,True
96.1,0.157,0.612,0.136,0.261,home,2023-04-09,ATL,True,True,0.746296666973679,True
99.3,0.2,0.558,0.127,0.32,home,2023-10-27,MIA,True,True,0.7323378054445966,True
105.5,0.295,0.674,0.10800000000000001,0.324,home,2023-11-01,IND,True,True,0.8318327466275588,True
94.6,0.298,0.537,0.07,0.315,home,2023-11-10,BRK,True,True,0.7177531351706057,True
98.0,0.151,0.634,0.124,0.14300000000000002,home,2023-11-11,TOR,True,True,0.7468379178478335,True
86.2,0.203,0.627,0.113,0.242,home,2023-11-13,NYK,True,True,0.732818177381269,True
101.6,0.202,0.625,0.141,0.105,home,2023-11-22,MIL,True,True,0.7486669186003625,True
97.6,0.211,0.511,0.111,0.36,home,2023-11-26,ATL,True,True,0.7014686913107815,True
96.6,0.133,0.639,0.14400000000000002,0.282,home,2023-11-28,CHI,True,True,0.7665837431283259,True
101.8,0.468,0.61,0.177,0.27,home,2023-12-01,PHI,True,True,0.792280924350918,True
98.1,0.231,0.632,0.07400000000000001,0.2,home,2023-12-08,NYK,True,True,0.7672637854005204,True
97.8,0.31,0.56,0.136,0.293,home,2023-12-12,CLE,True,True,0.7372193575529667,True
93.9,0.235,0.582,0.122,0.302,home,2023-12-14,CLE,True,True,0.7357718422021235,True
99.7,0.217,0.62,0.098,0.22,home,2023-12-15,ORL,True,True,0.7637124013067387,True
98.3,0.084,0.563,0.124,0.233,home,2023-12-17,ORL,True,True,0.7030237145647598,True
97.5,0.253,0.54,0.098,0.22399999999999998,home,2023-12-28,DET,True,True,0.7041942964233807,True
97.4,0.227,0.585,0.142,0.31,home,2023-12-29,TOR,True,True,0.7469096714816116,True
108.9,0.4,0.528,0.11699999999999999,0.18,home,2024-01-05,UTA,True,True,0.737294401055631,True
92.7,0.344,0.539,0.07200000000000001,0.152,home,2024-01-10,MIN,True,True,0.6882681350470224,True
106.7,0.263,0.663,0.102,0.222,home,2024-01-13,HOU,True,True,0.8122393720928923,True
97.2,0.211,0.567,0.125,0.28600000000000003,home,2024-01-17,SAS,True,True,0.7282873093984844,True
84.9,0.157,0.506,0.031,0.245,home,2024-01-19,DEN,True,False,0.6316073384313236,False
97.9,0.16,0.41,0.09300000000000001,0.295,home,2024-01-27,LAC,True,False,0.597853079853453,False
97.4,0.235,0.606,0.105,0.162,home,2024-01-29,NOP,True,True,0.7394395667329734,True
99.6,0.253,0.638,0.11,0.184,home,2024-01-30,IND,True,True,0.7728028454562536,True
96.7,0.072,0.505,0.13,0.275,home,2024-02-01,LAL,True,False,0.6570977015115,False
98.4,0.182,0.581,0.09300000000000001,0.36200000000000004,home,2024-02-04,MEM,True,True,0.7536039328651281,True
103.9,0.118,0.618,0.125,0.14300000000000002,home,2024-02-07,ATL,True,True,0.7479283178591151,True
107.9,0.304,0.582,0.111,0.209,home,2024-02-09,WAS,True,True,0.7666134052167384,True
93.0,0.132,0.692,0.094,0.28600000000000003,home,2024-02-14,BRK,True,True,0.7948483826615785,True
95.6,0.5,0.561,0.134,0.31,home,2024-02-27,PHI,True,True,0.7567772402248217,True
98.2,0.138,0.665,0.083,0.22,home,2024-03-01,DAL,True,True,0.7818411979333866,True
101.0,0.115,0.682,0.07400000000000001,0.171,home,2024-03-03,GSW,True,True,0.7900459936384753,True
95.2,0.124,0.669,0.096,0.158,home,2024-03-14,PHO,True,True,0.7646521062656213,True
94.3,0.137,0.568,0.098,0.3,home,2024-03-18,DET,True,True,0.7158503395889801,True
93.6,0.341,0.576,0.084,0.256,home,2024-03-20,MIL,True,True,0.7373998524505444,True
98.6,0.207,0.636,0.099,0.297,home,2024-04-03,OKC,True,True,0.7825603159036271,True
92.2,0.202,0.494,0.076,0.235,home,2024-04-05,SAC,True,True,0.646609866937531,True
98.1,0.149,0.655,0.12300000000000001,0.139,home,2024-04-07,POR,True,True,0.7608425866569464,True
95.2,0.186,0.558,0.114,0.222,home,2024-04-11,NYK,True,False,0.7012438374602674,False
98.2,0.125,0.587,0.052000000000000005,0.35600000000000004,home,2024-04-12,CHO,True,True,0.7522772008197982,True
106.3,0.236,0.663,0.14800000000000002,0.263,home,2024-04-14,WAS,True,True,0.8122214371659798,True
89.6,0.084,0.658,0.039,0.275,home,2024-10-22,NYK,True,True,0.7606969584993755,True
103.0,0.218,0.598,0.128,0.10300000000000001,home,2024-10-28,MIL,True,True,0.7355847844683921,True
95.9,0.233,0.528,0.10800000000000001,0.255,home,2024-11-06,GSW,True,False,0.6925081600369076,False
94.4,0.211,0.511,0.11699999999999999,0.09300000000000001,home,2024-11-08,BRK,True,True,0.6370312109978108,True
98.6,0.36,0.627,0.187,0.19399999999999998,home,2024-11-12,ATL,True,False,0.771597558663718,False
88.2,0.192,0.551,0.077,0.311,home,2024-11-16,TOR,True,True,0.6946274418932304,True
93.7,0.163,0.64,0.124,0.237,home,2024-11-19,CLE,True,True,0.7566595798670165,True
90.6,0.172,0.546,0.07,0.174,home,2024-11-24,MIN,True,True,0.6689663519281652,True
98.1,0.227,0.636,0.102,0.19,home,2024-11-25,LAC,True,True,0.7662237271847334,True
94.3,0.146,0.545,0.152,0.298,home,2024-12-02,MIA,True,True,0.695037817429409,True
101.2,0.266,0.59,0.132,0.35,home,2024-12-04,DET,True,True,0.7720303875402531,True
93.2,0.184,0.557,0.06,0.152,home,2024-12-06,MIL,True,True,0.6842045510555085,True
107.8,0.267,0.486,0.1,0.268,home,2024-12-07,MEM,True,False,0.7033959112520403,False
99.9,0.144,0.622,0.128,0.19,home,2024-12-12,DET,True,True,0.7506083237984775,True
97.9,0.216,0.464,0.036000000000000004,0.196,home,2024-12-19,CHI,True,False,0.6367518270413254,False
96.8,0.137,0.558,0.114,0.27699999999999997,home,2024-12-25,PHI,True,False,0.7102924766216062,False
95.6,0.315,0.636,0.087,0.409,home,2024-12-27,IND,True,True,0.8035492367306674,True
97.7,0.204,0.548,0.073,0.17,home,2024-12-29,IND,True,False,0.696232247544641,False
94.5,0.172,0.667,0.122,0.268,home,2024-12-31,TOR,True,True,0.7827045328522405,True
98.5,0.262,0.47,0.138,0.16699999999999998,home,2025-01-10,SAC,True,False,0.6365582700238884,False
100.7,0.228,0.5,0.09699999999999999,0.33299999999999996,home,2025-01-12,NOP,True,True,0.7003060197928926,True
89.1,0.275,0.631,0.1,0.306,home,2025-01-17,ORL,True,True,0.7636254056930957,True
97.7,0.221,0.457,0.109,0.28800000000000003,home,2025-01-18,ATL,True,False,0.6444969871175342,False
94.1,0.25,0.581,0.145,0.20600000000000002,home,2025-01-27,HOU,True,False,0.7185764776568675,False
99.9,0.31,0.575,0.083,0.14,home,2025-01-29,CHI,True,True,0.7303627095151332,True
96.4,0.169,0.607,0.128,0.289,home,2025-02-06,DAL,True,False,0.7502742843592058,False
98.5,0.231,0.56,0.145,0.341,home,2025-02-12,SAS,True,True,0.7377676420925647,True
96.4,0.121,0.588,0.111,0.267,home,2025-02-23,NYK,True,True,0.728165303330391,True
91.2,0.191,0.579,0.102,0.318,home,2025-02-28,CLE,True,False,0.7246940736838002,False
93.0,0.346,0.564,0.135,0.25,home,2025-03-02,DEN,True,True,0.7230446074854666,True
94.5,0.175,0.582,0.087,0.36700000000000005,home,2025-03-05,POR,True,True,0.7440352213599128,True
91.5,0.143,0.61,0.102,0.37200000000000005,home,2025-03-06,PHI,True,True,0.7517835140716568,True
94.2,0.298,0.554,0.095,0.23399999999999999,home,2025-03-08,LAL,True,True,0.7128149481730839,True
95.2,0.194,0.527,0.08199999999999999,0.261,home,2025-03-10,UTA,True,True,0.6874455911462081,True
94.4,0.128,0.543,0.11599999999999999,0.313,home,2025-03-12,OKC,True,False,0.6968464243008053,False
94.0,0.278,0.544,0.128,0.162,home,2025-03-18,BRK,True,True,0.6857090812591946,True
84.3,0.184,0.517,0.121,0.452,home,2025-04-02,MIA,True,False,0.6784768108768126,False
92.2,0.253,0.598,0.068,0.256,home,2025-04-04,PHO,True,True,0.740015779613056,True
86.4,0.061,0.612,0.122,0.5429999999999999,home,2025-04-06,WAS,True,True,0.7577555044643023,True
99.8,0.126,0.637,0.091,0.217,home,2025-04-11,CHO,True,True,0.7653685985144649,True
89.7,0.144,0.467,0.12,0.313,home,2025-04-13,CHO,True,True,0.6196087870369744,True
99.2,0.286,0.511,0.09699999999999999,0.25,home,2025-10-22,PHI,True,False,0.6958833808597013,False
95.5,0.253,0.553,0.087,0.36700000000000005,home,2025-10-29,CLE,True,True,0.7351013859408104,True
98.2,0.068,0.456,0.086,0.255,home,2025-11-01,HOU,True,False,0.6184153367614769,False
95.8,0.247,0.478,0.092,0.2,home,2025-11-03,UTA,True,False,0.6426967585997931,False
97.2,0.221,0.632,0.063,0.293,home,2025-11-05,WAS,True,True,0.7793744455394981,True
95.2,0.121,0.611,0.095,0.409,home,2025-11-12,MEM,True,True,0.7664656010343214,True
94.2,0.165,0.524,0.052000000000000005,0.37,home,2025-11-16,LAC,True,True,0.7013818285289928,True
95.1,0.156,0.528,0.11900000000000001,0.292,home,2025-11-21,BRK,True,False,0.6864049273338761,False
95.1,0.25,0.688,0.049,0.212,home,2025-11-23,ORL,True,True,0.8004968367326697,True
96.4,0.276,0.552,0.11800000000000001,0.255,home,2025-11-26,DET,True,True,0.7174484194622868,True
90.5,0.161,0.638,0.09699999999999999,0.324,home,2025-12-02,NYK,True,True,0.7626399256783403,True
92.9,0.143,0.69,0.152,0.242,home,2025-12-05,LAL,True,True,0.7846481161010594,True
95.7,0.329,0.524,0.122,0.20600000000000002,home,2025-12-15,DET,True,False,0.6906643447600284,False
102.8,0.293,0.665,0.147,0.16699999999999998,home,2025-12-19,MIA,True,True,0.7971483926670876,True
94.2,0.213,0.489,0.11800000000000001,0.289,home,2025-12-22,IND,True,True,0.6585098945003871,True
95.0,0.125,0.5,0.068,0.33899999999999997,home,2026-01-05,CHI,True,True,0.6721448099450587,True
91.1,0.158,0.532,0.121,0.43799999999999994,home,2026-01-07,DEN,True,False,0.7054726229476174,False
91.9,0.218,0.621,0.095,0.29,home,2026-01-09,TOR,True,True,0.7555530410247451,True
95.9,0.043,0.495,0.095,0.18,home,2026-01-10,SAS,True,False,0.6244963863679371,False
100.1,0.284,0.545,0.139,0.326,home,2026-01-21,IND,True,True,0.735406012452659,True
98.6,0.2,0.506,0.14800000000000002,0.222,home,2026-01-26,POR,True,True,0.6694301624871279,True
94.9,0.18,0.522,0.14300000000000002,0.349,home,2026-01-28,ATL,True,False,0.6935167256421252,False
89.7,0.172,0.548,0.065,0.304,home,2026-01-30,SAC,True,True,0.6937906861132087,True
85.6,0.141,0.527,0.09300000000000001,0.37799999999999995,home,2026-02-01,MIL,True,True,0.6723443214951322,True
93.0,0.274,0.476,0.145,0.289,home,2026-02-06,MIA,True,True,0.6499401622378317,True
91.8,0.163,0.408,0.092,0.264,home,2026-02-08,NYK,True,False,0.5680733935632809,False
97.0,0.137,0.611,0.122,0.342,home,2026-02-11,CHI,True,True,0.7603396737678226,True
94.7,0.316,0.553,0.122,0.075,away,2016-10-27,CHI,True,False,0.6266431107593996,False
95.1,0.21,0.574,0.128,0.111,away,2016-10-29,CHO,True,True,0.6465280407969709,True
99.4,0.229,0.536,0.07,0.222,away,2016-11-03,CLE,True,False,0.5745578228859196,False
91.4,0.272,0.494,0.10800000000000001,0.16699999999999998,away,2016-11-09,WAS,True,False,0.6537587854274739,False
94.1,0.413,0.488,0.129,0.341,away,2016-11-12,IND,True,True,0.6497761056136007,True
101.3,0.211,0.463,0.10400000000000001,0.22399999999999998,away,2016-11-14,NOP,False,False,0.4722123880922438,True
87.2,0.207,0.476,0.08199999999999999,0.188,away,2016-11-19,DET,True,True,0.7092392696945073,True
94.0,0.167,0.524,0.11699999999999999,0.146,away,2016-11-21,MIN,True,True,0.6308506797394778,True
102.2,0.082,0.536,0.121,0.25,away,2016-11-23,BRK,True,True,0.529567848851495,True
97.3,0.313,0.548,0.096,0.15,away,2016-11-28,MIA,True,True,0.6004819187731,True
93.1,0.382,0.553,0.11,0.16699999999999998,away,2016-12-03,PHI,True,True,0.6766502245322467,True
99.8,0.121,0.48,0.095,0.204,away,2016-12-05,HOU,True,False,0.5086178502390579,False
94.3,0.345,0.554,0.094,0.275,away,2016-12-07,ORL,True,True,0.6861616222108624,True
92.2,0.089,0.506,0.13,0.261,away,2016-12-11,OKC,True,False,0.6723810932812471,False
95.4,0.238,0.5,0.12300000000000001,0.195,away,2016-12-14,SAS,True,False,0.5996249625461805,False
96.7,0.211,0.506,0.11699999999999999,0.239,away,2016-12-18,MIA,True,True,0.5951167591133395,True
89.1,0.469,0.481,0.11699999999999999,0.18600000000000003,away,2016-12-20,MEM,True,True,0.6842532098694969,True
102.9,0.293,0.467,0.08800000000000001,0.17600000000000002,away,2016-12-22,IND,False,True,0.4362827424562904,False
94.9,0.215,0.559,0.064,0.273,away,2016-12-25,NYK,True,True,0.6814177512154316,True
98.1,0.247,0.576,0.105,0.154,away,2016-12-29,CLE,True,False,0.6120271888132965,False
98.7,0.235,0.524,0.138,0.154,away,2017-01-10,TOR,True,False,0.5527154706973803,False
91.1,0.229,0.536,0.11599999999999999,0.225,away,2017-01-13,ATL,True,True,0.7057534632928558,True
98.6,0.286,0.512,0.129,0.18600000000000003,away,2017-01-24,WAS,True,False,0.553222228168755,False
94.3,0.337,0.494,0.113,0.191,away,2017-01-28,MIL,True,True,0.612926456688518,True
96.6,0.37,0.466,0.175,0.163,away,2017-02-08,SAC,True,False,0.5369193977761096,False
94.6,0.297,0.538,0.07200000000000001,0.311,away,2017-02-09,POR,True,True,0.6783632040466964,True
93.4,0.324,0.683,0.165,0.10300000000000001,away,2017-02-11,UTA,True,True,0.7528028109954361,True
93.4,0.222,0.593,0.11900000000000001,0.175,away,2017-02-13,DAL,True,True,0.7043990118764782,True
87.3,0.26,0.558,0.075,0.1,away,2017-02-16,CHI,True,False,0.7491568353200885,False
91.1,0.282,0.5,0.12,0.184,away,2017-02-24,TOR,True,False,0.6671574451383737,False
101.8,0.353,0.471,0.14,0.209,away,2017-02-26,DET,False,True,0.46544672585315233,False
103.1,0.298,0.571,0.159,0.17600000000000002,away,2017-03-03,LAL,True,True,0.5247114275013838,True
102.3,0.471,0.453,0.12,0.259,away,2017-03-05,PHO,False,False,0.45613411101646306,True
97.4,0.349,0.47,0.10300000000000001,0.152,away,2017-03-06,LAC,True,False,0.5279191131642379,False
94.1,0.226,0.5,0.132,0.209,away,2017-03-08,GSW,True,True,0.6244021565601922,True
99.2,0.284,0.494,0.165,0.188,away,2017-03-10,DEN,True,False,0.5244241046034276,False
98.8,0.341,0.441,0.11699999999999999,0.18600000000000003,away,2017-03-17,BRK,False,True,0.48503094844670835,False
101.9,0.345,0.44,0.157,0.18600000000000003,away,2017-03-19,PHI,False,False,0.42772923059134393,True
94.7,0.361,0.639,0.16899999999999998,0.172,away,2017-04-02,NYK,True,True,0.7183456297337292,True
104.2,0.378,0.494,0.10300000000000001,0.204,away,2017-04-06,ATL,False,False,0.44597850746962386,True
96.7,0.195,0.615,0.087,0.125,away,2017-04-08,CHO,True,True,0.6614225081530133,True
100.3,0.284,0.455,0.10800000000000001,0.18,away,2017-10-17,CLE,False,False,0.470234736500588,True
100.0,0.381,0.476,0.162,0.298,away,2017-10-20,PHI,True,True,0.5254256811267762,True
96.6,0.282,0.494,0.154,0.146,away,2017-10-26,MIL,True,True,0.5586708939433422,True
93.7,0.321,0.457,0.115,0.244,away,2017-10-28,MIA,True,True,0.6041267348686398,True
92.5,0.286,0.506,0.10400000000000001,0.22899999999999998,away,2017-11-03,OKC,True,True,0.6624236345186891,True
100.0,0.225,0.5,0.125,0.205,away,2017-11-05,ORL,True,True,0.5228354849090106,True
96.5,0.272,0.568,0.134,0.184,away,2017-11-06,ATL,True,True,0.637729627482001,True
100.0,0.314,0.506,0.125,0.209,away,2017-11-14,BRK,True,True,0.5301543457042166,True
93.6,0.244,0.573,0.142,0.237,away,2017-11-18,ATL,True,True,0.6993943770720166,True
95.9,0.31,0.53,0.151,0.11900000000000001,away,2017-11-20,DAL,True,True,0.5962930640433648,True
96.6,0.321,0.47,0.10300000000000001,0.146,away,2017-11-22,MIA,True,False,0.5400143679213082,False
92.4,0.113,0.625,0.152,0.133,away,2017-11-25,IND,True,True,0.730857367355982,True
89.9,0.205,0.524,0.134,0.256,away,2017-12-08,SAS,True,False,0.7199190014628237,False
89.5,0.228,0.487,0.139,0.205,away,2017-12-10,DET,True,True,0.6849421354363902,True
91.0,0.169,0.458,0.152,0.23399999999999999,away,2017-12-11,CHI,True,False,0.6436056509872259,False
87.3,0.175,0.575,0.165,0.33299999999999996,away,2017-12-16,MEM,True,True,0.8012564059698427,True
97.8,0.177,0.658,0.19,0.171,away,2017-12-18,IND,True,True,0.6851893750666033,True
92.7,0.221,0.459,0.096,0.191,away,2017-12-21,NYK,True,False,0.6088962426347637,False
91.5,0.167,0.571,0.16,0.154,away,2017-12-27,CHO,True,True,0.7077296344867169,True
97.4,0.153,0.403,0.046,0.218,away,2018-01-06,BRK,False,True,0.48635604784718267,False
103.5,0.213,0.556,0.156,0.244,away,2018-01-11,PHI,True,True,0.5224310566689514,True
98.3,0.111,0.55,0.10400000000000001,0.159,away,2018-01-23,LAL,True,False,0.5859050131618486,False
102.0,0.237,0.495,0.11199999999999999,0.25,away,2018-01-24,LAC,False,True,0.4966507445067115,False
96.5,0.282,0.518,0.14300000000000002,0.25,away,2018-01-27,GSW,True,False,0.611043580253241,False
94.0,0.11,0.566,0.10300000000000001,0.23800000000000002,away,2018-01-29,DEN,True,True,0.6894150284174779,True
96.3,0.241,0.458,0.156,0.205,away,2018-02-06,TOR,True,False,0.5467435029185899,False
96.8,0.405,0.518,0.154,0.16699999999999998,away,2018-02-08,WAS,True,True,0.5837360612943493,True
92.3,0.212,0.582,0.106,0.233,away,2018-02-23,DET,True,True,0.7256712626100174,True
102.7,0.301,0.522,0.095,0.23399999999999999,away,2018-02-24,NYK,True,True,0.5065084694392651,True
98.2,0.231,0.555,0.115,0.25,away,2018-03-03,HOU,True,False,0.6167095357704891,False
95.3,0.143,0.56,0.183,0.293,away,2018-03-05,CHI,True,True,0.6740331903884168,True
98.6,0.31,0.557,0.1,0.209,away,2018-03-08,MIN,True,True,0.6022672677499614,True
96.1,0.341,0.433,0.168,0.327,away,2018-03-16,ORL,True,True,0.5610655435039436,True
98.5,0.23,0.454,0.11900000000000001,0.188,away,2018-03-18,NOP,True,False,0.5020250744517948,False
91.4,0.338,0.526,0.128,0.22,away,2018-03-23,POR,True,True,0.6923377916364716,True
91.5,0.236,0.639,0.168,0.1,away,2018-03-25,SAC,True,True,0.7458582322737822,True
93.4,0.161,0.506,0.114,0.217,away,2018-03-26,PHO,True,True,0.6436817217734019,True
92.6,0.253,0.519,0.17,0.25,away,2018-03-28,UTA,True,True,0.6729470542347118,True
94.7,0.296,0.512,0.157,0.23800000000000002,away,2018-04-03,MIL,True,False,0.6316070111282062,False
92.7,0.373,0.353,0.163,0.182,away,2018-04-04,TOR,True,False,0.5064335424302969,False
100.5,0.31,0.454,0.147,0.24100000000000002,away,2018-04-10,WAS,False,False,0.48064417836359175,True
99.3,0.101,0.475,0.134,0.302,away,2018-10-19,TOR,True,False,0.5376107729296045,False
99.3,0.402,0.457,0.135,0.239,away,2018-10-20,NYK,True,True,0.5053288408165083,True
100.5,0.384,0.448,0.107,0.196,away,2018-10-25,OKC,False,True,0.4655061823968479,False
100.9,0.291,0.535,0.11800000000000001,0.163,away,2018-10-27,DET,True,True,0.5286917598602744,True
96.6,0.102,0.54,0.132,0.213,away,2018-11-03,IND,True,False,0.6183548823635765,False
96.7,0.138,0.557,0.115,0.179,away,2018-11-05,DEN,True,False,0.6238418567181225,False
98.1,0.32,0.474,0.126,0.309,away,2018-11-08,PHO,True,True,0.5615269617346837,True
97.6,0.25,0.54,0.076,0.11900000000000001,away,2018-11-09,UTA,True,False,0.5805525301044303,False
95.7,0.108,0.462,0.11800000000000001,0.21600000000000003,away,2018-11-11,POR,True,False,0.5652793628729224,False
100.9,0.202,0.556,0.11,0.182,away,2018-11-19,CHO,True,False,0.5532560637467876,False
107.1,0.231,0.533,0.138,0.16699999999999998,away,2018-11-23,ATL,False,True,0.4182534654660711,False
97.9,0.151,0.535,0.16399999999999998,0.231,away,2018-11-24,DAL,True,False,0.5953964055747484,False
99.5,0.103,0.593,0.129,0.311,away,2018-11-26,NOP,True,True,0.6427010567938874,True
99.4,0.247,0.571,0.129,0.18899999999999997,away,2018-12-01,MIN,True,True,0.5937045910344766,True
93.3,0.161,0.656,0.066,0.31,away,2018-12-08,CHI,True,True,0.7812545188850039,True
99.0,0.24,0.505,0.109,0.298,away,2018-12-12,WAS,True,True,0.5717863608634792,True
103.3,0.245,0.463,0.11900000000000001,0.24,away,2018-12-15,DET,False,False,0.4411602287835551,True
97.4,0.383,0.543,0.10400000000000001,0.133,away,2018-12-27,HOU,True,False,0.589703935642402,False
95.5,0.225,0.6,0.162,0.2,away,2018-12-29,MEM,True,True,0.6823010373123343,True
98.6,0.227,0.551,0.11,0.205,away,2018-12-31,SAS,True,False,0.5946503607025664,False
95.4,0.191,0.472,0.102,0.18,away,2019-01-10,MIA,True,False,0.571214824926614,False
98.3,0.311,0.467,0.073,0.196,away,2019-01-12,ORL,True,False,0.5233211295509435,False
99.3,0.253,0.467,0.106,0.192,away,2019-01-14,BRK,True,False,0.5021823170661475,False
101.1,0.284,0.511,0.132,0.23399999999999999,away,2019-01-19,ATL,True,True,0.5218954259523715,True
98.6,0.1,0.525,0.063,0.21600000000000003,away,2019-02-01,NYK,True,True,0.5761599294141453,True
93.2,0.171,0.543,0.129,0.2,away,2019-02-05,CLE,True,True,0.6727136321464093,True
94.3,0.239,0.54,0.049,0.17800000000000002,away,2019-02-12,PHI,True,True,0.6523583408404955,True
98.3,0.059,0.451,0.063,0.207,away,2019-02-21,MIL,True,False,0.5103738888632813,False
98.4,0.228,0.543,0.065,0.136,away,2019-02-23,CHI,True,False,0.5747576117960875,False
99.3,0.326,0.419,0.125,0.213,away,2019-02-26,TOR,False,False,0.4628360952652429,True
104.6,0.177,0.583,0.096,0.2,away,2019-03-05,GSW,True,True,0.5193945634475734,True
101.0,0.266,0.589,0.16899999999999998,0.081,away,2019-03-06,SAC,True,True,0.5506031686065129,True
102.9,0.151,0.591,0.11599999999999999,0.146,away,2019-03-09,LAL,True,True,0.5399780100810719,True
104.3,0.209,0.56,0.11599999999999999,0.159,away,2019-03-11,LAC,False,False,0.4907332493380232,True
98.4,0.167,0.531,0.08,0.213,away,2019-03-20,PHI,True,False,0.5836227094228734,False
101.5,0.161,0.575,0.099,0.152,away,2019-03-23,CHO,True,False,0.5523789861551518,False
99.0,0.209,0.56,0.091,0.25,away,2019-03-26,CLE,True,True,0.6090815751932186,True
100.2,0.277,0.47,0.139,0.16699999999999998,away,2019-03-30,BRK,False,False,0.48026782539680823,True
98.3,0.388,0.531,0.114,0.162,away,2019-04-03,MIA,True,True,0.570808297823202,True
100.5,0.174,0.56,0.1,0.16699999999999998,away,2019-04-05,IND,True,True,0.5601193460625417,True
102.4,0.232,0.53,0.052000000000000005,0.22399999999999998,away,2019-04-09,WAS,True,True,0.5186015602163675,True
103.3,0.378,0.406,0.095,0.16699999999999998,away,2019-10-23,PHI,False,False,0.37268484753763187,True
102.9,0.312,0.532,0.109,0.25,away,2019-10-26,NYK,True,True,0.5159893805356361,True
100.5,0.176,0.635,0.133,0.111,away,2019-11-05,CLE,True,True,0.6105230973723638,True
104.1,0.247,0.484,0.11199999999999999,0.21600000000000003,away,2019-11-07,CHO,False,True,0.44037673201567173,False
104.3,0.298,0.585,0.078,0.163,away,2019-11-09,SAS,True,True,0.5181199953283103,True
102.6,0.253,0.478,0.122,0.204,away,2019-11-15,GSW,False,True,0.4569822184424856,False
94.6,0.293,0.476,0.139,0.222,away,2019-11-17,SAC,True,False,0.5983657339797571,False
98.6,0.191,0.483,0.15,0.22899999999999998,away,2019-11-18,PHO,True,True,0.5364712825209672,True
96.1,0.135,0.452,0.14,0.316,away,2019-11-20,LAC,True,False,0.5756539109923491,False
97.9,0.284,0.451,0.125,0.11900000000000001,away,2019-11-22,DEN,False,False,0.4903893385150986,True
103.0,0.226,0.489,0.157,0.308,away,2019-11-29,BRK,False,False,0.48691739067172995,True
97.0,0.237,0.522,0.12,0.34,away,2019-12-01,NYK,True,True,0.6311399113294911,True
102.4,0.253,0.575,0.134,0.205,away,2019-12-11,IND,True,False,0.549961813403822,False
95.5,0.349,0.477,0.139,0.304,away,2019-12-18,DAL,True,True,0.6065790817035598,True
99.2,0.152,0.576,0.162,0.325,away,2019-12-25,TOR,True,True,0.6350087830790486,True
98.1,0.103,0.526,0.114,0.313,away,2019-12-31,CHO,True,True,0.6087651096982368,True
96.0,0.256,0.573,0.18,0.33299999999999996,away,2020-01-04,CHI,True,True,0.6845248153168939,True
101.7,0.274,0.389,0.138,0.28600000000000003,away,2020-01-06,WAS,False,False,0.4129688066740525,True
94.7,0.091,0.511,0.141,0.18600000000000003,away,2020-01-09,PHI,True,False,0.6165962566603717,False
104.6,0.276,0.515,0.068,0.18899999999999997,away,2020-01-16,MIL,False,False,0.4556507441447778,True
96.3,0.209,0.547,0.13,0.214,away,2020-01-24,ORL,True,True,0.6304974065689452,True
105.4,0.247,0.506,0.147,0.163,away,2020-01-26,NOP,False,False,0.4213160145217342,True
96.9,0.289,0.548,0.13,0.244,away,2020-01-28,MIA,True,True,0.6299390290432165,True
100.5,0.189,0.6,0.133,0.297,away,2020-02-03,ATL,True,True,0.6291756508011171,True
92.3,0.321,0.548,0.086,0.304,away,2020-02-09,OKC,True,True,0.7179261723464537,True
102.5,0.294,0.5,0.158,0.2,away,2020-02-11,HOU,False,False,0.4760198148667862,True
103.8,0.389,0.516,0.09,0.314,away,2020-02-21,MIN,True,True,0.5050429921655694,True
102.5,0.361,0.536,0.15,0.18600000000000003,away,2020-02-23,LAL,True,False,0.5065309366631474,False
101.0,0.156,0.583,0.127,0.195,away,2020-02-25,POR,True,True,0.5784198881662129,True
90.0,0.19,0.601,0.09,0.243,away,2020-02-26,UTA,True,True,0.7719774154706197,True
93.2,0.302,0.529,0.10099999999999999,0.28300000000000003,away,2020-03-04,CLE,True,True,0.6840481534602278,True
98.1,0.237,0.511,0.08900000000000001,0.25,away,2020-03-10,IND,True,True,0.5806958865560944,True
105.0,0.374,0.467,0.131,0.259,away,2020-07-31,MIL,False,False,0.4209513090155874,True
94.1,0.318,0.494,0.142,0.318,away,2020-08-04,MIA,True,False,0.6476110400534687,False
106.0,0.167,0.573,0.127,0.188,away,2020-08-07,TOR,False,True,0.4801604893186998,False
97.5,0.267,0.605,0.135,0.25,away,2020-08-11,MEM,True,True,0.66968407220852,True
100.3,0.304,0.563,0.16699999999999998,0.171,away,2020-12-27,IND,True,False,0.5642018013384628,False
98.8,0.463,0.556,0.127,0.273,away,2020-12-29,IND,True,True,0.6145957793022723,True
102.2,0.169,0.518,0.191,0.163,away,2021-01-01,DET,False,False,0.48465354048219983,True
96.3,0.149,0.649,0.163,0.324,away,2021-01-03,DET,True,True,0.7364167371930525,True
105.2,0.405,0.577,0.168,0.293,away,2021-01-04,TOR,True,True,0.5265062849071418,True
92.8,0.121,0.485,0.063,0.308,away,2021-01-06,MIA,True,True,0.6613428579302701,True
97.3,0.225,0.539,0.141,0.25,away,2021-01-20,PHI,True,False,0.6159873202126117,False
99.0,0.222,0.522,0.11599999999999999,0.222,away,2021-01-22,PHI,True,False,0.5657949895810569,False
101.1,0.23,0.592,0.11900000000000001,0.158,away,2021-01-25,CHI,True,True,0.5757373644578572,True
99.3,0.143,0.48,0.10300000000000001,0.26,away,2021-01-27,SAS,True,False,0.5327320278403234,False
96.9,0.321,0.542,0.14300000000000002,0.28600000000000003,away,2021-02-02,GSW,True,True,0.6351742533649307,True
98.0,0.337,0.517,0.11599999999999999,0.256,away,2021-02-03,SAC,True,False,0.5885056630524431,False
94.5,0.233,0.567,0.066,0.196,away,2021-02-05,LAC,True,True,0.6751604353380508,True
87.1,0.129,0.446,0.057999999999999996,0.24100000000000002,away,2021-02-07,PHO,True,False,0.7006628716495403,False
91.4,0.267,0.517,0.086,0.262,away,2021-02-09,UTA,True,False,0.6970523364904575,False
104.5,0.333,0.406,0.141,0.237,away,2021-02-14,WAS,False,False,0.3683935561091328,True
98.5,0.347,0.449,0.08900000000000001,0.21600000000000003,away,2021-02-21,NOP,True,False,0.5079582505311018,False
93.9,0.209,0.547,0.122,0.28600000000000003,away,2021-02-23,DAL,True,False,0.6869105493707075,False
94.8,0.242,0.484,0.054000000000000006,0.267,away,2021-02-24,ATL,True,False,0.6188885534169632,False
97.8,0.242,0.522,0.098,0.244,away,2021-03-11,BRK,True,False,0.5935718165176888,False
103.0,0.228,0.652,0.121,0.27,away,2021-03-14,HOU,True,True,0.6272539877669299,True
95.9,0.33,0.511,0.106,0.313,away,2021-03-17,CLE,True,False,0.6339555552382565,False
97.3,0.267,0.617,0.114,0.11900000000000001,away,2021-03-22,MEM,True,False,0.6510151095570553,False
99.4,0.106,0.58,0.11699999999999999,0.214,away,2021-03-24,MIL,True,False,0.6082260200892086,False
100.6,0.182,0.614,0.136,0.195,away,2021-03-26,MIL,True,True,0.6125814854840694,True
101.5,0.146,0.521,0.105,0.2,away,2021-03-27,OKC,True,True,0.5153442449998805,True
92.6,0.264,0.489,0.102,0.233,away,2021-04-11,DEN,True,True,0.6475343990913006,True
100.8,0.267,0.55,0.09,0.191,away,2021-04-13,POR,True,True,0.5536731979461029,True
102.0,0.153,0.647,0.188,0.21899999999999997,away,2021-04-15,LAL,True,True,0.6214646089919446,True
102.3,0.17,0.495,0.158,0.268,away,2021-04-23,BRK,False,False,0.49307835060140437,True
97.0,0.295,0.466,0.11599999999999999,0.23399999999999999,away,2021-04-25,CHO,True,False,0.5528824944775045,False
102.5,0.125,0.641,0.098,0.205,away,2021-05-05,ORL,True,True,0.6093108929932348,True
97.1,0.267,0.471,0.127,0.22899999999999998,away,2021-05-07,CHI,True,False,0.5534764206248375,False
98.7,0.139,0.416,0.061,0.213,away,2021-05-12,CLE,False,False,0.4732123663751146,True
102.6,0.189,0.579,0.127,0.225,away,2021-05-15,MIN,True,True,0.5557085863683375,True
93.1,0.174,0.471,0.115,0.196,away,2021-05-16,NYK,True,False,0.6127174937316774,False
104.7,0.197,0.5,0.124,0.23800000000000002,away,2021-10-20,NYK,False,False,0.44968573015336694,True
98.8,0.233,0.529,0.11199999999999999,0.146,away,2021-10-24,HOU,True,True,0.5549549417467248,True
101.3,0.248,0.589,0.09699999999999999,0.22399999999999998,away,2021-10-25,CHO,True,True,0.5891135292683398,True
97.9,0.234,0.421,0.092,0.138,away,2021-10-30,WAS,False,False,0.46957547333462574,True
93.8,0.316,0.481,0.109,0.191,away,2021-11-03,ORL,True,True,0.6098697544611985,True
90.2,0.256,0.5,0.156,0.256,away,2021-11-04,MIA,True,True,0.6962811717819288,True
92.4,0.186,0.541,0.106,0.195,away,2021-11-06,DAL,True,False,0.683472712912666,False
91.7,0.231,0.462,0.18899999999999997,0.25,away,2021-11-13,CLE,True,False,0.6381306747459702,False
94.3,0.256,0.526,0.139,0.146,away,2021-11-15,CLE,True,True,0.6269773946728523,True
93.4,0.202,0.506,0.133,0.261,away,2021-11-17,ATL,True,False,0.654125689575015,False
96.3,0.163,0.424,0.1,0.21100000000000002,away,2021-11-26,SAS,True,False,0.5198908497294444,False
96.2,0.378,0.488,0.158,0.28600000000000003,away,2021-11-28,TOR,True,True,0.5988267196372413,True
100.0,0.242,0.593,0.055999999999999994,0.125,away,2021-12-03,UTA,True,False,0.5903231212883049,False
98.5,0.333,0.684,0.107,0.34299999999999997,away,2021-12-04,POR,True,True,0.739599592207586,True
99.5,0.354,0.5,0.121,0.156,away,2021-12-07,LAL,True,False,0.5190224322511053,False
102.6,0.244,0.535,0.195,0.326,away,2021-12-08,LAC,True,False,0.5394343344977348,False
96.6,0.258,0.398,0.11199999999999999,0.278,away,2021-12-10,PHO,True,False,0.5092017853625852,False
98.9,0.27,0.522,0.12300000000000001,0.25,away,2021-12-25,MIL,True,False,0.5751295496299147,False
99.0,0.315,0.461,0.121,0.263,away,2021-12-27,MIN,True,False,0.5213000607353646,False
90.8,0.163,0.581,0.132,0.205,away,2022-01-06,NYK,True,False,0.7378725192411281,False
92.6,0.321,0.628,0.127,0.212,away,2022-01-12,IND,True,True,0.7497143745788849,True
97.3,0.231,0.545,0.18899999999999997,0.175,away,2022-01-14,PHI,True,False,0.598379174322149,False
97.3,0.233,0.55,0.11599999999999999,0.239,away,2022-01-23,WAS,True,True,0.624247803079893,True
97.2,0.314,0.39,0.155,0.32,away,2022-01-28,ATL,True,False,0.5007342524435417,False
95.2,0.136,0.617,0.149,0.162,away,2022-01-29,NOP,True,True,0.6914033250097393,True
97.2,0.305,0.506,0.131,0.23399999999999999,away,2022-02-04,DET,True,True,0.5850688871918612,True
100.1,0.141,0.52,0.132,0.33299999999999996,away,2022-02-06,ORL,True,True,0.574068248388294,True
99.4,0.176,0.626,0.125,0.306,away,2022-02-08,BRK,True,True,0.6713649346408036,True
92.8,0.268,0.713,0.107,0.2,away,2022-02-15,PHI,True,True,0.8004799871080415,True
103.7,0.318,0.641,0.126,0.21100000000000002,away,2022-02-24,BRK,True,True,0.590351220985787,True
95.2,0.239,0.534,0.09300000000000001,0.244,away,2022-02-26,DET,True,True,0.6472676101941294,True
97.9,0.22,0.495,0.091,0.235,away,2022-02-27,IND,True,False,0.565201799251676,False
93.8,0.151,0.559,0.1,0.34,away,2022-03-09,CHO,True,True,0.7113445465205048,True
91.5,0.272,0.562,0.099,0.205,away,2022-03-16,GSW,True,True,0.7163691091311283,True
95.5,0.207,0.695,0.127,0.171,away,2022-03-18,SAC,True,True,0.7490358202319869,True
91.0,0.134,0.689,0.094,0.152,away,2022-03-20,DEN,True,True,0.7976782596098679,True
100.3,0.395,0.599,0.08199999999999999,0.158,away,2022-03-21,OKC,True,True,0.5990460204794418,True
95.1,0.295,0.474,0.13699999999999998,0.308,away,2022-03-28,TOR,True,False,0.611429163935593,False
99.2,0.25,0.585,0.11699999999999999,0.195,away,2022-04-06,CHI,True,True,0.6118897934554381,True
101.8,0.218,0.615,0.14400000000000002,0.19,away,2022-04-07,MIL,True,False,0.5917183583746186,False
102.1,0.131,0.636,0.125,0.35,away,2022-04-10,MEM,True,True,0.6479909476318059,True
92.9,0.19,0.608,0.18899999999999997,0.324,away,2022-10-21,MIA,True,True,0.7517889661914169,True
98.1,0.322,0.592,0.075,0.163,away,2022-10-22,ORL,True,True,0.6306840159630102,True
98.8,0.12,0.46,0.095,0.233,away,2022-10-24,CHI,True,False,0.5156987022777629,False
98.9,0.29,0.468,0.11800000000000001,0.16,away,2022-11-02,CLE,True,False,0.5006525800287253,False
96.3,0.136,0.688,0.122,0.2,away,2022-11-05,NYK,True,True,0.739447644147813,True
99.5,0.341,0.537,0.13699999999999998,0.159,away,2022-11-07,MEM,True,True,0.5529900777705223,True
97.3,0.264,0.527,0.064,0.188,away,2022-11-12,DET,True,True,0.5935552811095682,True
99.9,0.114,0.665,0.14,0.162,away,2022-11-16,ATL,True,True,0.6585889123267992,True
96.8,0.2,0.6,0.155,0.268,away,2022-11-18,NOP,True,True,0.6793046915809506,True
103.2,0.195,0.546,0.13699999999999998,0.10400000000000001,away,2022-11-21,CHI,False,False,0.48015434485952246,True
96.4,0.247,0.525,0.159,0.19,away,2022-12-04,BRK,True,True,0.6016447952138687,True
96.7,0.233,0.561,0.1,0.27699999999999997,away,2022-12-05,TOR,True,True,0.6541586980544261,True
105.3,0.129,0.564,0.109,0.23399999999999999,away,2022-12-07,PHO,False,True,0.4978431416770548,False
101.9,0.299,0.506,0.092,0.125,away,2022-12-10,GSW,False,False,0.4752386552302259,True
95.6,0.342,0.493,0.146,0.125,away,2022-12-12,LAC,True,False,0.5701249394091192,False
99.0,0.154,0.534,0.11199999999999999,0.23600000000000002,away,2022-12-13,LAL,True,True,0.5803357642491681,True
100.7,0.31,0.511,0.11599999999999999,0.22699999999999998,away,2023-01-01,DEN,True,False,0.5281217890157198,False
107.1,0.352,0.523,0.14300000000000002,0.239,away,2023-01-03,OKC,False,False,0.4294629600806319,True
97.4,0.369,0.583,0.10099999999999999,0.244,away,2023-01-05,DAL,True,True,0.6539926403953706,True
106.1,0.189,0.574,0.12,0.17,away,2023-01-07,SAS,False,True,0.4748863702971158,False
93.7,0.198,0.547,0.13,0.308,away,2023-01-12,BRK,True,True,0.6946928431614061,True
94.5,0.101,0.571,0.063,0.28,away,2023-01-14,CHO,True,True,0.6980172070472405,True
92.1,0.287,0.609,0.109,0.359,away,2023-01-16,CHO,True,True,0.7738587772003801,True
94.8,0.176,0.541,0.141,0.239,away,2023-01-21,TOR,True,True,0.6551373963269908,True
95.2,0.133,0.542,0.17,0.2,away,2023-01-23,ORL,True,False,0.6376113307297835,False
95.3,0.365,0.5,0.165,0.11900000000000001,away,2023-01-24,MIA,True,False,0.5789839535571432,False
93.6,0.253,0.566,0.115,0.233,away,2023-02-06,DET,True,True,0.694430358544683,True
101.0,0.202,0.551,0.10800000000000001,0.16,away,2023-02-14,MIL,True,False,0.5409073623247336,False
94.5,0.263,0.606,0.12,0.426,away,2023-02-23,IND,True,True,0.7544448825693397,True
93.8,0.14,0.593,0.125,0.209,away,2023-02-25,PHI,True,True,0.7057055001674079,True
95.7,0.167,0.494,0.11699999999999999,0.159,away,2023-02-27,NYK,True,False,0.5792146071891092,False
95.4,0.208,0.495,0.113,0.263,away,2023-03-06,CLE,True,False,0.6138125142383063,False
102.5,0.126,0.653,0.08199999999999999,0.125,away,2023-03-11,ATL,True,True,0.5994583799841378,True
95.3,0.241,0.517,0.127,0.233,away,2023-03-13,HOU,True,False,0.62619978256579,False
97.2,0.357,0.476,0.102,0.174,away,2023-03-15,MIN,True,True,0.5432299643544239,True
101.1,0.402,0.557,0.15,0.38299999999999995,away,2023-03-17,POR,True,True,0.6046916855134725,True
95.2,0.182,0.602,0.078,0.114,away,2023-03-18,UTA,True,False,0.6717442137579559,False
94.1,0.25,0.63,0.055,0.256,away,2023-03-21,SAC,True,True,0.7435951899856679,True
104.3,0.118,0.543,0.109,0.159,away,2023-03-28,WAS,False,False,0.4747321526379124,True
100.4,0.22,0.681,0.083,0.18899999999999997,away,2023-03-30,MIL,True,True,0.67461208508103,True
89.0,0.176,0.5,0.075,0.295,away,2023-04-04,PHI,True,False,0.7262640104518071,False
95.4,0.338,0.558,0.128,0.18899999999999997,away,2023-10-25,NYK,True,True,0.6489749838485019,True
102.3,0.069,0.593,0.146,0.341,away,2023-10-30,WAS,True,True,0.6032571246135524,True
100.2,0.3,0.561,0.09699999999999999,0.23800000000000002,away,2023-11-04,BRK,True,True,0.5867527692907404,True
100.9,0.37,0.451,0.14400000000000002,0.22,away,2023-11-06,MIN,False,False,0.4655973247883209,True
100.9,0.209,0.478,0.11599999999999999,0.17,away,2023-11-08,PHI,False,False,0.4772318148951495,True
91.6,0.216,0.58,0.094,0.27899999999999997,away,2023-11-15,PHI,True,True,0.7444594695404194,True
98.3,0.098,0.543,0.10300000000000001,0.182,away,2023-11-17,TOR,True,True,0.5858281026487765,True
92.8,0.325,0.532,0.162,0.243,away,2023-11-19,MEM,True,True,0.679629460264638,True
97.3,0.289,0.515,0.121,0.21600000000000003,away,2023-11-20,CHO,True,False,0.5870800772180387,False
99.0,0.487,0.454,0.14,0.10300000000000001,away,2023-11-24,ORL,False,False,0.4699265589635057,True
102.7,0.124,0.536,0.15,0.27699999999999997,away,2023-12-04,IND,True,False,0.5268679159682359,False
95.5,0.149,0.487,0.062,0.305,away,2023-12-19,GSW,True,False,0.6189040692625463,False
94.6,0.261,0.674,0.081,0.359,away,2023-12-20,SAC,True,True,0.7863168416336054,True
96.4,0.298,0.654,0.086,0.375,away,2023-12-23,LAC,True,True,0.7539709473054412,True
96.7,0.308,0.577,0.07200000000000001,0.268,away,2023-12-25,LAL,True,True,0.6672897141878649,True
102.8,0.232,0.616,0.095,0.302,away,2023-12-31,SAS,True,True,0.6090122259744182,True
97.8,0.315,0.538,0.11800000000000001,0.37799999999999995,away,2024-01-02,OKC,True,False,0.6424273536290708,False
99.8,0.211,0.6,0.155,0.317,away,2024-01-06,IND,True,True,0.6446014556910618,True
102.3,0.322,0.617,0.127,0.302,away,2024-01-08,IND,True,False,0.6169241629195079,False
98.4,0.33,0.423,0.054000000000000006,0.125,away,2024-01-11,MIL,False,False,0.4621156956415026,True
100.2,0.305,0.5,0.12300000000000001,0.10400000000000001,away,2024-01-15,TOR,False,True,0.4916661304234488,False
104.5,0.184,0.526,0.131,0.29600000000000004,away,2024-01-21,HOU,False,True,0.4929678852857841,False
100.5,0.341,0.551,0.055999999999999994,0.11599999999999999,away,2024-01-22,DAL,True,True,0.5415715865106969,True
92.1,0.25,0.775,0.11,0.231,away,2024-01-25,MIA,True,True,0.8458807389746043,True
92.4,0.21,0.605,0.111,0.162,away,2024-02-11,MIA,True,True,0.7251637834995679,True
95.9,0.277,0.608,0.131,0.18899999999999997,away,2024-02-13,BRK,True,True,0.6819962039963905,True
98.7,0.253,0.681,0.132,0.135,away,2024-02-22,CHI,True,True,0.6849036192015943,True
82.7,0.148,0.66,0.075,0.314,away,2024-02-24,NYK,True,True,0.8842923335594775,True
94.0,0.129,0.5,0.11699999999999999,0.292,away,2024-03-05,CLE,True,False,0.6478396434669511,False
98.4,0.275,0.511,0.105,0.26,away,2024-03-07,DEN,True,False,0.5775881484157854,False
96.5,0.138,0.569,0.107,0.295,away,2024-03-09,PHO,True,True,0.6675057394935949,True
90.4,0.12,0.565,0.027999999999999997,0.326,away,2024-03-11,POR,True,True,0.762120191631408,True
90.7,0.207,0.576,0.08199999999999999,0.326,away,2024-03-12,UTA,True,True,0.7637110534873868,True
98.1,0.276,0.632,0.133,0.28600000000000003,away,2024-03-17,WAS,True,True,0.69132127715505,True
97.7,0.303,0.618,0.065,0.19,away,2024-03-22,DET,True,True,0.6664698568051548,True
90.2,0.198,0.634,0.114,0.316,away,2024-03-23,CHI,True,True,0.8028931114116952,True
93.7,0.2,0.553,0.08,0.293,away,2024-03-25,ATL,True,False,0.6985129710207915,False
92.4,0.223,0.553,0.10400000000000001,0.2,away,2024-03-28,ATL,True,False,0.6945754049746351,False
91.0,0.146,0.567,0.13,0.205,away,2024-03-30,NOP,True,True,0.7248873388571287,True
93.6,0.18,0.59,0.10300000000000001,0.256,away,2024-04-01,CHO,True,True,0.7184878160223638,True
89.7,0.0,0.489,0.114,0.235,away,2024-04-09,MIL,True,False,0.6907132706402672,False
102.5,0.3,0.561,0.121,0.28600000000000003,away,2024-10-24,WAS,True,True,0.558984009146412,True
97.8,0.333,0.544,0.08800000000000001,0.271,away,2024-10-26,DET,True,True,0.6215297287469366,True
103.2,0.284,0.491,0.102,0.305,away,2024-10-30,IND,False,False,0.4882905275225178,True
97.0,0.407,0.552,0.09,0.268,away,2024-11-01,CHO,True,True,0.6411130639163026,True
97.8,0.341,0.537,0.13699999999999998,0.22899999999999998,away,2024-11-02,CHO,True,True,0.6012644411471945,True
105.0,0.131,0.576,0.11,0.239,away,2024-11-04,ATL,True,True,0.515619010042394,True
97.8,0.314,0.517,0.109,0.182,away,2024-11-10,MIL,True,True,0.5719411114895838,True
96.7,0.258,0.656,0.07200000000000001,0.27899999999999997,away,2024-11-13,BRK,True,True,0.731212982247103,True
101.3,0.376,0.488,0.10800000000000001,0.20800000000000002,away,2024-11-22,WAS,False,True,0.49186842720284046,False
103.2,0.235,0.617,0.077,0.22399999999999998,away,2024-11-29,CHI,True,True,0.5831610087759808,True
101.3,0.2,0.489,0.096,0.20800000000000002,away,2024-12-01,CLE,False,False,0.4922947740771193,True
100.9,0.258,0.527,0.14800000000000002,0.32,away,2024-12-15,WAS,True,True,0.5629340286334199,True
100.8,0.14,0.555,0.102,0.34,away,2024-12-21,CHI,True,True,0.5974655488527636,True
103.6,0.321,0.488,0.165,0.18600000000000003,away,2024-12-23,ORL,False,False,0.4416270687465022,True
85.6,0.065,0.62,0.040999999999999995,0.25,away,2025-01-02,MIN,True,True,0.8341895838968004,True
85.8,0.234,0.63,0.142,0.34299999999999997,away,2025-01-03,HOU,True,True,0.8484835764642795,True
97.2,0.282,0.418,0.14300000000000002,0.245,away,2025-01-05,OKC,True,False,0.5062310095402988,False
93.9,0.227,0.568,0.11,0.297,away,2025-01-07,DEN,True,True,0.7067658462479963,True
93.0,0.198,0.484,0.083,0.23199999999999998,away,2025-01-15,TOR,True,False,0.6372166129371958,False
95.5,0.087,0.641,0.095,0.222,away,2025-01-20,GSW,True,True,0.7220186733554412,True
96.0,0.222,0.561,0.161,0.205,away,2025-01-22,LAC,True,True,0.6433575234965857,True
93.9,0.198,0.462,0.066,0.204,away,2025-01-23,LAL,True,False,0.5965459489687686,False
96.5,0.184,0.524,0.043,0.321,away,2025-01-25,DAL,True,True,0.6401719173579616,True
103.7,0.31,0.595,0.12,0.11599999999999999,away,2025-01-31,NOP,True,True,0.5221883393597918,True
94.0,0.19,0.625,0.09,0.11599999999999999,away,2025-02-02,PHI,True,True,0.7079272568697688,True
98.9,0.184,0.495,0.102,0.28800000000000003,away,2025-02-04,CLE,True,True,0.5616546533666328,True
93.8,0.282,0.653,0.10300000000000001,0.324,away,2025-02-08,NYK,True,True,0.7749781004091185,True
90.5,0.094,0.559,0.083,0.071,away,2025-02-10,MIA,True,True,0.6971799740967515,True
96.0,0.169,0.618,0.10300000000000001,0.244,away,2025-02-20,PHI,True,True,0.7024292460132309,True
95.4,0.086,0.554,0.135,0.28600000000000003,away,2025-02-25,TOR,True,True,0.6681211626441107,True
95.3,0.188,0.544,0.18,0.159,away,2025-02-26,DET,True,False,0.6267787473440369,False
91.9,0.157,0.548,0.145,0.225,away,2025-03-14,MIA,True,True,0.7014065509500981,True
84.2,0.226,0.601,0.08,0.325,away,2025-03-15,BRK,True,True,0.8484220287075473,True
94.8,0.165,0.552,0.096,0.35600000000000004,away,2025-03-21,UTA,True,True,0.6953130713636525,True
91.3,0.159,0.676,0.087,0.289,away,2025-03-23,POR,True,True,0.8113559391377583,True
96.4,0.222,0.561,0.092,0.213,away,2025-03-24,SAC,True,True,0.6429528266714284,True
96.0,0.247,0.629,0.1,0.289,away,2025-03-26,PHO,True,True,0.7217910064421837,True
92.3,0.191,0.569,0.09699999999999999,0.375,away,2025-03-29,SAS,True,True,0.7475582243020419,True
103.1,0.198,0.516,0.111,0.231,away,2025-03-31,MEM,False,True,0.4913281801768124,False
90.2,0.287,0.569,0.133,0.205,away,2025-04-08,NYK,True,True,0.7380194527683785,True
89.5,0.073,0.433,0.159,0.196,away,2025-04-09,ORL,True,False,0.6355549162436966,False
93.1,0.183,0.518,0.153,0.2,away,2025-10-24,NYK,True,False,0.6522205156284002,False
100.1,0.255,0.505,0.10300000000000001,0.25,away,2025-10-26,DET,True,False,0.5398985971038963,False
93.9,0.158,0.579,0.106,0.4,away,2025-10-27,NOP,True,True,0.7379663607395405,True
96.1,0.119,0.505,0.086,0.34,away,2025-10-31,PHI,True,True,0.6323238632375847,True
99.4,0.168,0.521,0.121,0.267,away,2025-11-07,ORL,True,False,0.5697150933874033,False
94.2,0.294,0.547,0.127,0.302,away,2025-11-09,ORL,True,True,0.6865008447878003,True
93.4,0.207,0.462,0.099,0.265,away,2025-11-11,PHI,True,False,0.6193300523714617,False
94.4,0.347,0.62,0.188,0.27,away,2025-11-18,BRK,True,True,0.7294027062788626,True
97.9,0.156,0.552,0.09699999999999999,0.304,away,2025-11-29,MIN,True,False,0.6338006957453333,False
95.3,0.358,0.58,0.168,0.35700000000000004,away,2025-11-30,CLE,True,True,0.7073839718386948,True
98.4,0.212,0.646,0.085,0.375,away,2025-12-04,WAS,True,True,0.720624723589385,True
94.0,0.152,0.587,0.10099999999999999,0.311,away,2025-12-07,TOR,True,True,0.7229702641303235,True
95.6,0.284,0.466,0.124,0.271,away,2025-12-11,MIL,True,False,0.5865788807931138,False
92.2,0.158,0.526,0.098,0.37799999999999995,away,2025-12-20,TOR,True,True,0.71805953114056,True
98.1,0.41,0.687,0.125,0.33299999999999996,away,2025-12-26,IND,True,True,0.7445146833748489,True
100.7,0.209,0.511,0.161,0.273,away,2025-12-28,POR,True,False,0.5374583152844989,False
98.9,0.245,0.58,0.071,0.262,away,2025-12-30,UTA,True,True,0.6328378692668485,True
95.2,0.207,0.603,0.12,0.172,away,2026-01-01,SAC,True,True,0.6846338132865941,True
90.8,0.198,0.677,0.054000000000000006,0.42100000000000004,away,2026-01-03,LAC,True,True,0.8396175841901311,True
92.4,0.102,0.506,0.115,0.222,away,2026-01-12,IND,True,False,0.6604386112281434,False
93.6,0.275,0.522,0.113,0.391,away,2026-01-15,MIA,True,True,0.6976005345474825,True
105.1,0.242,0.626,0.14400000000000002,0.244,away,2026-01-17,ATL,True,True,0.5601434385827208,True
92.9,0.361,0.476,0.127,0.304,away,2026-01-19,DET,True,False,0.6490979604889803,False
91.4,0.147,0.55,0.07200000000000001,0.17600000000000002,away,2026-01-23,BRK,True,True,0.7025599330559151,True
95.8,0.091,0.52,0.055,0.182,away,2026-01-24,CHI,True,False,0.6102818696045894,False
94.5,0.052,0.557,0.092,0.217,away,2026-02-03,DAL,True,True,0.6695868767252428,True
88.7,0.222,0.539,0.132,0.435,away,2026-02-04,HOU,True,True,0.7835064158789948,True
95.9,0.074,0.605,0.11699999999999999,0.31,away,2026-02-19,GSW,True,True,0.7079573880444208,True
